1;1;2;Super vue;4.2
2;1;3;Magnifique;5.0
3;3;5;Super ;3.5
4;4;6;yeeeeees !;5.0
8;5;1;Super vue;3.5
9;6;1;Super vue;3.0
13;9;4;coool;2.2
14;9;5;nickel;2.5
15;9;12;adorables;0
16;10;1;Super vue;0
17;11;2;Super vue;0
18;11;7;First;0
19;12;9;iplk;5.0
20;12;8;test !;4.2
21;12;3;test :D;3.8
25;8;9;test;0

38;4;19;nqs;0.0
39;4;19;wx n;0.0
40;4;19;;1.3636363636363635
41;8;20;super;0.0
42;8;20;;1.5340909090909092
